metric,value
cape_today,33.29499816894531
historical_avg_cape,16.49612278160741
predicted_10y_return,0.0036123963980388
